{"functions":[{"name":"main","nodes":[{"id":"input","type":"split","position":{"x":150,"y":80},"data":{"name":"split_csv","output":["string!","int!","int!","string!"]},"width":208,"height":57,"selected":false,"dragging":false,"positionAbsolute":{"x":151,"y":80}},{"id":"output","type":"assemble","position":{"x":350,"y":840},"data":{"name":"assemble_csv","input":["string","int"],"output":[null]},"width":104,"height":52,"selected":false,"positionAbsolute":{"x":370.72571648865335,"y":843.6397467637971},"dragging":false},{"id":"0","type":"custom","position":{"x":150,"y":500},"data":{"name":"isPhone","input":["string"],"output":["bool"]},"width":100,"height":80,"selected":false,"positionAbsolute":{"x":149.00552983132678,"y":495.91152269877136},"dragging":false},{"id":"1","type":"null/errorHandling","position":{"x":150,"y":220},"data":{"name":"errorToNull","input":["string!"],"output":["string?"]},"width":100,"height":80,"selected":false,"positionAbsolute":{"x":150,"y":214},"dragging":false},{"id":"2","type":"calculation","position":{"x":300,"y":380},"data":{"name":"add","input":["int","int"],"output":["int"]},"width":100,"height":80,"selected":false,"positionAbsolute":{"x":298,"y":382},"dragging":false},{"id":"3","type":"null/errorHandling","position":{"x":300,"y":220},"data":{"name":"errorToValue","input":["int!","int"],"output":["int"]},"width":100,"height":80,"selected":false,"positionAbsolute":{"x":297,"y":220},"dragging":false},{"id":"4","type":"constant","position":{"x":400,"y":80},"data":{"name":"int","value":0,"output":["int"]},"width":100,"height":78,"selected":false,"positionAbsolute":{"x":409,"y":80},"dragging":false},{"id":"5","type":"null/errorHandling","position":{"x":450,"y":220},"data":{"name":"errorToValue","input":["int!","int"],"output":["int"]},"width":100,"height":80,"selected":false,"positionAbsolute":{"x":436,"y":228},"dragging":false},{"id":"6","type":"null/errorHandling","position":{"x":600,"y":220},"data":{"name":"panic","input":["string!"],"output":["string"]},"width":100,"height":80,"selected":false,"positionAbsolute":{"x":614,"y":218},"dragging":false},{"id":"7","type":"branch","position":{"x":150,"y":620},"data":{"name":"select","input":["bool","int","int"],"output":["int"],"locRight":true},"width":100,"height":103,"selected":false,"positionAbsolute":{"x":146.18161519417214,"y":617.2757720874173},"dragging":false},{"id":"8","type":"constant","position":{"x":450,"y":380},"data":{"name":"int","value":-1,"output":["int"]},"width":100,"height":78,"selected":false,"dragging":false,"positionAbsolute":{"x":443,"y":379}},{"id":"9","type":"null/errorHandling","position":{"x":150,"y":380},"data":{"name":"nullToValue","input":["string?","string"],"output":["string"]},"width":100,"height":80,"selected":false,"positionAbsolute":{"x":148,"y":370},"dragging":false},{"id":"10","type":"constant","position":{"x":-50,"y":220},"data":{"name":"string","value":"wrong number","output":["string"]},"width":141,"height":78,"selected":false,"dragging":false,"positionAbsolute":{"x":-42,"y":218}}],"edges":[{"type":"custom","source":"input","sourceHandle":"o0","target":"1","targetHandle":"i0","id":"edge-inputo0-1i0","data":{"type":"string!"}},{"type":"custom","source":"4","sourceHandle":null,"target":"3","targetHandle":"i1","id":"edge-4-3i1","data":{"type":"int"}},{"type":"custom","source":"input","sourceHandle":"o1","target":"3","targetHandle":"i0","id":"edge-inputo1-3i0","data":{"type":"int!"}},{"type":"custom","source":"3","sourceHandle":null,"target":"2","targetHandle":"i0","id":"edge-3-2i0","data":{"type":"int"}},{"type":"custom","source":"input","sourceHandle":"o2","target":"5","targetHandle":"i0","id":"edge-inputo2-5i0","data":{"type":"int!"}},{"type":"custom","source":"4","sourceHandle":null,"target":"5","targetHandle":"i1","id":"edge-4-5i1","data":{"type":"int"}},{"type":"custom","source":"5","sourceHandle":null,"target":"2","targetHandle":"i1","id":"edge-5-2i1","data":{"type":"int"}},{"type":"custom","source":"input","sourceHandle":"o3","target":"6","targetHandle":"i0","id":"edge-inputo3-6i0","data":{"type":"string!"}},{"type":"custom","source":"6","sourceHandle":null,"target":"output","targetHandle":"i0","id":"edge-6-outputi0","data":{"type":"string"}},{"type":"custom","source":"2","sourceHandle":null,"target":"7","targetHandle":"i1","id":"edge-2-7i1","data":{"type":"int"}},{"type":"custom","source":"8","sourceHandle":null,"target":"7","targetHandle":"i2","id":"edge-8-7i2","data":{"type":"int"}},{"type":"custom","source":"10","sourceHandle":null,"target":"9","targetHandle":"i1","id":"edge-10-9i1","data":{"type":"string"}},{"type":"custom","source":"1","sourceHandle":null,"target":"9","targetHandle":"i0","id":"edge-1-9i0","data":{"type":"string?"}},{"type":"custom","source":"9","sourceHandle":null,"target":"0","targetHandle":"i0","id":"edge-9-0i0","data":{"type":"string"}},{"type":"custom","source":"0","sourceHandle":"o0","target":"7","targetHandle":"i0","id":"edge-0o0-7i0","data":{"type":"bool"}},{"type":"custom","source":"7","sourceHandle":null,"target":"output","targetHandle":"i1","id":"edge-7-outputi1","data":{"type":"int"}}]},{"name":"isPhone","nodes":[{"id":"input","type":"split","position":{"x":150,"y":80},"data":{"name":"input","output":["string"]},"width":100,"height":57,"selected":true,"dragging":false,"positionAbsolute":{"x":150,"y":81}},{"id":"output","type":"assemble","position":{"x":150,"y":360},"data":{"name":"output","input":["bool"],"output":[null]},"width":100,"height":52,"selected":false,"positionAbsolute":{"x":150,"y":369},"dragging":false},{"id":"0","type":"stringOperation","position":{"x":150,"y":220},"data":{"name":"regexTest","input":["string","string"],"output":["bool"]},"width":100,"height":80,"selected":false,"positionAbsolute":{"x":149,"y":216},"dragging":false},{"id":"1","type":"constant","position":{"x":350,"y":80},"data":{"name":"string","value":"/^0\\d{1,2}-\\d{3,4}-\\d{4}$/","output":["string"]},"width":267,"height":78,"selected":false,"dragging":false,"positionAbsolute":{"x":347,"y":86}}],"edges":[{"type":"custom","source":"1","sourceHandle":null,"target":"0","targetHandle":"i1","id":"edge-1-0i1","data":{"type":"string"}},{"type":"custom","source":"0","sourceHandle":null,"target":"output","targetHandle":"i0","id":"edge-0-outputi0","data":{"type":"bool"}},{"type":"custom","source":"input","sourceHandle":"o0","target":"0","targetHandle":"i0","id":"edge-inputo0-0i0","data":{"type":"string"}}]}]}