{"functions":[{"name":"main","nodes":[{"id":"input","type":"split","position":{"x":150,"y":80},"data":{"name":"split_csv","output":["int!","int!","float!","string!","bool!"]},"width":249,"height":57,"selected":false,"dragging":false,"positionAbsolute":{"x":150,"y":79}},{"id":"output","type":"assemble","position":{"x":250,"y":1140},"data":{"name":"assemble_csv","input":["int","int","int","int","int","int"],"output":[null]},"width":154,"height":52,"selected":false,"positionAbsolute":{"x":274,"y":1132},"dragging":false},{"id":"1","type":"calculation","position":{"x":150,"y":420},"data":{"name":"add","input":["int","int"],"output":["int"]},"width":100,"height":80,"selected":false,"positionAbsolute":{"x":145.10483916822966,"y":420.44805878441},"dragging":false},{"id":"2","type":"constant","position":{"x":450,"y":60},"data":{"name":"int","value":"0","output":["int"]},"width":100,"height":78,"selected":false,"dragging":false,"positionAbsolute":{"x":430,"y":60}},{"id":"3","type":"null/errorHandling","position":{"x":100,"y":280},"data":{"name":"errorToValue","input":["int!","int"],"output":["int"]},"width":100,"height":80,"selected":false,"positionAbsolute":{"x":119.2524834402924,"y":280.1113298684874},"dragging":false},{"id":"4","type":"null/errorHandling","position":{"x":250,"y":280},"data":{"name":"errorToValue","input":["int!","int"],"output":["int"]},"width":100,"height":80,"selected":false,"positionAbsolute":{"x":260.40793941861676,"y":281.58508810168223},"dragging":false},{"id":"6","type":"null/errorHandling","position":{"x":550,"y":280},"data":{"name":"panic","input":["float!"],"output":["float"]},"width":100,"height":80,"selected":false,"positionAbsolute":{"x":548.1585088101682,"y":280.66434250676633},"dragging":false},{"id":"7","type":"typeConversion","position":{"x":400,"y":480},"data":{"name":"toInt","input":["float"],"output":["int"]},"width":100,"height":80,"selected":false,"positionAbsolute":{"x":406.6297869087995,"y":484.53049721280115},"dragging":false},{"id":"8","type":"calculation","position":{"x":700,"y":460},"data":{"name":"add","input":["float","float"],"output":["float"]},"width":100,"height":80,"selected":false,"positionAbsolute":{"x":682.9074870674089,"y":455.4875900314272},"dragging":false},{"id":"9","type":"branch","position":{"x":400,"y":720},"data":{"name":"falseToError","input":["bool","int"],"output":["int!"]},"width":115,"height":80,"selected":false,"positionAbsolute":{"x":404.6978478848546,"y":720},"dragging":false},{"id":"10","type":"null/errorHandling","position":{"x":700,"y":280},"data":{"name":"panic","input":["bool!"],"output":["bool"]},"width":100,"height":80,"selected":false,"positionAbsolute":{"x":688.1799848516746,"y":275.97848131333006},"dragging":false},{"id":"11","type":"calculation","position":{"x":750,"y":980},"data":{"name":"add","input":["int","int"],"output":["int"]},"width":100,"height":80,"selected":false,"positionAbsolute":{"x":744,"y":984},"dragging":false},{"id":"13","type":"branch","position":{"x":300,"y":820},"data":{"name":"select","input":["bool","int","int"],"output":["int"]},"width":100,"height":103,"selected":false,"positionAbsolute":{"x":300,"y":828.7290766047977},"dragging":false},{"id":"14","type":"compare","position":{"x":250,"y":640},"data":{"name":"greaterThan","input":["int","int"],"output":["bool"]},"width":100,"height":80,"selected":false,"positionAbsolute":{"x":250,"y":637.6794317567985},"dragging":false},{"id":"15","type":"custom","position":{"x":-50,"y":700},"data":{"name":"addsub","input":["int","int"],"output":["int","int"]},"width":100,"height":80,"selected":false,"positionAbsolute":{"x":-43.94706918486659,"y":700},"dragging":false},{"id":"16","type":"null/errorHandling","position":{"x":400,"y":260},"data":{"name":"errorToNull","input":["float!"],"output":["float?"]},"width":100,"height":80,"selected":false,"positionAbsolute":{"x":399,"y":255},"dragging":false},{"id":"17","type":"null/errorHandling","position":{"x":400,"y":360},"data":{"name":"nullToValue","input":["float?","float"],"output":["float"]},"width":100,"height":80,"selected":false,"positionAbsolute":{"x":407.73475139359937,"y":366.6297869087995},"dragging":false},{"id":"18","type":"constant","position":{"x":600,"y":60},"data":{"name":"float","value":0,"output":["float"]},"width":100,"height":78,"selected":false,"positionAbsolute":{"x":597,"y":55},"dragging":false},{"id":"20","type":"null/errorHandling","position":{"x":500,"y":860},"data":{"name":"errorToValue","input":["int!","int"],"output":["int"]},"width":100,"height":80,"selected":false,"positionAbsolute":{"x":498.82553802878635,"y":857.6852225469406},"dragging":false},{"id":"21","type":"constant","position":{"x":600,"y":720},"data":{"name":"int","value":30,"output":["int"]},"width":100,"height":78,"selected":false,"dragging":false,"positionAbsolute":{"x":578.5285522028065,"y":712.7483492365106}}],"edges":[{"type":"custom","source":"input","sourceHandle":"o0","target":"3","targetHandle":"i0","id":"edge-inputo0-3i0","data":{"type":"int!"}},{"type":"custom","source":"2","sourceHandle":null,"target":"3","targetHandle":"i1","id":"edge-2-3i1","data":{"type":"int"}},{"type":"custom","source":"input","sourceHandle":"o1","target":"4","targetHandle":"i0","id":"edge-inputo1-4i0","data":{"type":"int!"}},{"type":"custom","source":"2","sourceHandle":null,"target":"4","targetHandle":"i1","id":"edge-2-4i1","data":{"type":"int"}},{"type":"custom","source":"4","sourceHandle":null,"target":"1","targetHandle":"i1","id":"edge-4-1i1","data":{"type":"int"}},{"type":"custom","source":"3","sourceHandle":null,"target":"1","targetHandle":"i0","id":"edge-3-1i0","data":{"type":"int"}},{"type":"custom","source":"1","sourceHandle":null,"target":"output","targetHandle":"i0","id":"edge-1-outputi0","data":{"type":"int"}},{"type":"custom","source":"input","sourceHandle":"o2","target":"6","targetHandle":"i0","id":"edge-inputo2-6i0","data":{"type":"float!"}},{"type":"custom","source":"6","sourceHandle":null,"target":"8","targetHandle":"i1","id":"edge-6-8i1","data":{"type":"float"}},{"type":"custom","source":"6","sourceHandle":null,"target":"8","targetHandle":"i0","id":"edge-6-8i0","data":{"type":"float"}},{"type":"custom","source":"input","sourceHandle":"o4","target":"10","targetHandle":"i0","id":"edge-inputo4-10i0","data":{"type":"bool!"}},{"type":"custom","source":"10","sourceHandle":null,"target":"9","targetHandle":"i0","id":"edge-10-9i0","data":{"type":"bool"}},{"type":"custom","source":"1","sourceHandle":null,"target":"13","targetHandle":"i1","id":"edge-1-13i1","data":{"type":"int"}},{"type":"custom","source":"1","sourceHandle":null,"target":"13","targetHandle":"i2","id":"edge-1-13i2","data":{"type":"int"}},{"type":"custom","source":"1","sourceHandle":null,"target":"14","targetHandle":"i0","id":"edge-1-14i0","data":{"type":"int"}},{"type":"custom","source":"1","sourceHandle":null,"target":"15","targetHandle":"i0","id":"edge-1-15i0","data":{"type":"int"}},{"type":"custom","source":"1","sourceHandle":null,"target":"15","targetHandle":"i1","id":"edge-1-15i1","data":{"type":"int"}},{"type":"custom","source":"15","sourceHandle":"o0","target":"output","targetHandle":"i3","id":"edge-15o0-outputi3","data":{"type":"int"}},{"type":"custom","source":"15","sourceHandle":"o1","target":"output","targetHandle":"i4","id":"edge-15o1-outputi4","data":{"type":"int"}},{"type":"custom","source":"input","sourceHandle":"o2","target":"16","targetHandle":"i0","id":"edge-inputo2-16i0","data":{"type":"float!"}},{"type":"custom","source":"16","sourceHandle":null,"target":"17","targetHandle":"i0","id":"edge-16-17i0","data":{"type":"float?"}},{"type":"custom","source":"18","sourceHandle":null,"target":"17","targetHandle":"i1","id":"edge-18-17i1","data":{"type":"float"}},{"type":"custom","source":"17","sourceHandle":null,"target":"7","targetHandle":"i0","id":"edge-17-7i0","data":{"type":"float"}},{"type":"custom","source":"7","sourceHandle":null,"target":"14","targetHandle":"i1","id":"edge-7-14i1","data":{"type":"int"}},{"type":"custom","source":"7","sourceHandle":null,"target":"9","targetHandle":"i1","id":"edge-7-9i1","data":{"type":"int"}},{"type":"custom","source":"9","sourceHandle":null,"target":"20","targetHandle":"i0","id":"edge-9-20i0","data":{"type":"int!"}},{"type":"custom","source":"21","sourceHandle":null,"target":"20","targetHandle":"i1","id":"edge-21-20i1","data":{"type":"int"}},{"type":"custom","source":"20","sourceHandle":null,"target":"11","targetHandle":"i0","id":"edge-20-11i0","data":{"type":"int"}},{"type":"custom","source":"21","sourceHandle":null,"target":"11","targetHandle":"i1","id":"edge-21-11i1","data":{"type":"int"}},{"type":"custom","source":"11","sourceHandle":null,"target":"output","targetHandle":"i1","id":"edge-11-outputi1","data":{"type":"int"}},{"type":"custom","source":"20","sourceHandle":null,"target":"output","targetHandle":"i2","id":"edge-20-outputi2","data":{"type":"int"}},{"type":"custom","source":"14","sourceHandle":null,"target":"13","targetHandle":"i0","id":"edge-14-13i0","data":{"type":"bool"}},{"type":"custom","source":"13","sourceHandle":null,"target":"output","targetHandle":"i5","id":"edge-13-outputi5","data":{"type":"int"}}]},{"name":"addsub","nodes":[{"id":"input","type":"split","position":{"x":250,"y":60},"data":{"name":"input","output":["int","int"]},"width":100,"height":57,"selected":false,"dragging":false,"positionAbsolute":{"x":262,"y":60}},{"id":"output","type":"assemble","position":{"x":300,"y":520},"data":{"name":"output","input":["int","int"],"output":[null]},"width":100,"height":52,"selected":false,"positionAbsolute":{"x":302,"y":515},"dragging":false},{"id":"0","type":"calculation","position":{"x":200,"y":340},"data":{"name":"add","input":["int","int"],"output":["int"]},"width":100,"height":80,"selected":false,"positionAbsolute":{"x":175,"y":331},"dragging":false},{"id":"1","type":"calculation","position":{"x":400,"y":340},"data":{"name":"sub","input":["int","int"],"output":["int"]},"width":100,"height":80,"selected":false,"positionAbsolute":{"x":413,"y":333},"dragging":false}],"edges":[{"type":"custom","source":"0","sourceHandle":null,"target":"output","targetHandle":"i0","id":"edge-0-outputi0","data":{"type":"int"}},{"type":"custom","source":"1","sourceHandle":null,"target":"output","targetHandle":"i1","id":"edge-1-outputi1","data":{"type":"int"}},{"type":"custom","source":"input","sourceHandle":"o0","target":"0","targetHandle":"i0","id":"edge-4-0i0","data":{"type":"int"}},{"type":"custom","source":"input","sourceHandle":"o1","target":"0","targetHandle":"i1","id":"edge-3-0i1","data":{"type":"int"}},{"type":"custom","source":"input","sourceHandle":"o0","target":"1","targetHandle":"i0","id":"edge-4-1i0","data":{"type":"int"}},{"type":"custom","source":"input","sourceHandle":"o1","target":"1","targetHandle":"i1","id":"edge-3-1i1","data":{"type":"int"}}]}],"types":[]}