{"functions":[{"name":"main","nodes":[{"id":"input","type":"split","position":{"x":100,"y":60},"data":{"name":"split_csv","output":["int!","string!","string!","string!","string!","string!","string!","int!"]},"width":423,"height":57,"selected":false,"dragging":false,"positionAbsolute":{"x":100,"y":59}},{"id":"output","type":"assemble","position":{"x":450,"y":1040},"data":{"name":"assemble_csv","input":["bool?","int?","string?","string?","string?","string?","string?","string?","int?"],"output":[null]},"width":396,"height":52,"selected":false,"positionAbsolute":{"x":445.46544021505133,"y":1049.6404729033063},"dragging":false},{"id":"0","type":"compare","position":{"x":200,"y":340},"data":{"name":"equal","input":["string","string"],"output":["bool"]},"width":100,"height":80,"selected":false,"positionAbsolute":{"x":202,"y":330},"dragging":false},{"id":"1","type":"null/errorHandling","position":{"x":200,"y":180},"data":{"name":"panic","input":["string!"],"output":["string"]},"width":100,"height":80,"selected":false,"positionAbsolute":{"x":185,"y":183},"dragging":false},{"id":"2","type":"constant","position":{"x":300,"y":180},"data":{"name":"string","value":"Asia","output":["string"]},"width":100,"height":78,"selected":false,"dragging":false,"positionAbsolute":{"x":282.98904803211974,"y":182.43013599541146}},{"id":"3","type":"stringOperation","position":{"x":700,"y":340},"data":{"name":"includes","input":["string","string"],"output":["bool"]},"width":100,"height":80,"selected":false,"positionAbsolute":{"x":698,"y":340},"dragging":false},{"id":"4","type":"null/errorHandling","position":{"x":700,"y":180},"data":{"name":"panic","input":["string!"],"output":["string"]},"width":100,"height":80,"selected":false,"positionAbsolute":{"x":684,"y":186},"dragging":false},{"id":"5","type":"constant","position":{"x":800,"y":180},"data":{"name":"string","value":"In-Person","output":["string"]},"width":114,"height":78,"selected":false,"positionAbsolute":{"x":786,"y":182},"dragging":false},{"id":"6","type":"null/errorHandling","position":{"x":450,"y":180},"data":{"name":"panic","input":["string!"],"output":["string"]},"width":100,"height":80,"selected":false,"positionAbsolute":{"x":430,"y":180},"dragging":false},{"id":"7","type":"constant","position":{"x":550,"y":180},"data":{"name":"string","value":"Public","output":["string"]},"width":100,"height":78,"selected":false,"positionAbsolute":{"x":536,"y":184},"dragging":false},{"id":"8","type":"compare","position":{"x":450,"y":340},"data":{"name":"equal","input":["string","string"],"output":["bool"]},"width":100,"height":80,"selected":false,"positionAbsolute":{"x":454,"y":336},"dragging":false},{"id":"9","type":"bitOperation","position":{"x":350,"y":520},"data":{"name":"and","input":["bool","bool"],"output":["bool"]},"width":100,"height":80,"selected":false,"positionAbsolute":{"x":328,"y":510},"dragging":false},{"id":"10","type":"bitOperation","position":{"x":400,"y":640},"data":{"name":"and","input":["bool","bool"],"output":["bool"]},"width":100,"height":80,"selected":false,"positionAbsolute":{"x":416,"y":634},"dragging":false},{"id":"11","type":"null/errorHandling","position":{"x":100,"y":800},"data":{"name":"errorToNull","input":["int!"],"output":["int?"]},"width":100,"height":80,"selected":false,"positionAbsolute":{"x":98,"y":798},"dragging":false},{"id":"12","type":"null/errorHandling","position":{"x":250,"y":800},"data":{"name":"errorToNull","input":["string!"],"output":["string?"]},"width":100,"height":80,"selected":false,"positionAbsolute":{"x":228,"y":802},"dragging":false},{"id":"13","type":"null/errorHandling","position":{"x":500,"y":800},"data":{"name":"errorToNull","input":["string!"],"output":["string?"]},"width":100,"height":80,"selected":false,"positionAbsolute":{"x":492.5273799197007,"y":798.7849320022943},"dragging":false},{"id":"14","type":"null/errorHandling","position":{"x":600,"y":800},"data":{"name":"errorToNull","input":["string!"],"output":["string?"]},"width":100,"height":80,"selected":false,"positionAbsolute":{"x":586.4520399311721,"y":802.4301359954115},"dragging":false},{"id":"15","type":"null/errorHandling","position":{"x":700,"y":800},"data":{"name":"errorToNull","input":["string!"],"output":["string?"]},"width":100,"height":80,"selected":false,"positionAbsolute":{"x":675.9355235125049,"y":803.004467527023},"dragging":false},{"id":"16","type":"null/errorHandling","position":{"x":850,"y":800},"data":{"name":"errorToNull","input":["string!"],"output":["string?"]},"width":100,"height":80,"selected":false,"positionAbsolute":{"x":848.4884800716839,"y":800},"dragging":false},{"id":"17","type":"null/errorHandling","position":{"x":1000,"y":800},"data":{"name":"errorToNull","input":["string!"],"output":["string?"]},"width":100,"height":80,"selected":false,"positionAbsolute":{"x":995.4654402150513,"y":807.0782301793228},"dragging":false},{"id":"18","type":"branch","position":{"x":-50,"y":800},"data":{"name":"falseToNull","input":["bool","bool"],"output":["bool?"]},"width":119,"height":80,"selected":false,"positionAbsolute":{"x":-66.02750738365557,"y":801.0321504660579},"dragging":false},{"id":"19","type":"null/errorHandling","position":{"x":1150,"y":800},"data":{"name":"errorToNull","input":["int!"],"output":["int?"]},"width":100,"height":80,"selected":true,"positionAbsolute":{"x":1150,"y":800.2917317728678},"dragging":false}],"edges":[{"type":"custom","source":"2","sourceHandle":null,"target":"0","targetHandle":"i1","id":"edge-2-0i1","data":{"type":"string"}},{"type":"custom","source":"1","sourceHandle":null,"target":"0","targetHandle":"i0","id":"edge-1-0i0","data":{"type":"string"}},{"type":"custom","source":"4","sourceHandle":null,"target":"3","targetHandle":"i0","id":"edge-4-3i0","data":{"type":"string"}},{"type":"custom","source":"5","sourceHandle":null,"target":"3","targetHandle":"i1","id":"edge-5-3i1","data":{"type":"string"}},{"type":"custom","source":"7","sourceHandle":null,"target":"8","targetHandle":"i1","id":"edge-7-8i1","data":{"type":"string"}},{"type":"custom","source":"6","sourceHandle":null,"target":"8","targetHandle":"i0","id":"edge-6-8i0","data":{"type":"string"}},{"type":"custom","source":"0","sourceHandle":null,"target":"9","targetHandle":"i0","id":"edge-0-9i0","data":{"type":"bool"}},{"type":"custom","source":"8","sourceHandle":null,"target":"9","targetHandle":"i1","id":"edge-8-9i1","data":{"type":"bool"}},{"type":"custom","source":"9","sourceHandle":null,"target":"10","targetHandle":"i0","id":"edge-9-10i0","data":{"type":"bool"}},{"type":"custom","source":"3","sourceHandle":null,"target":"10","targetHandle":"i1","id":"edge-3-10i1","data":{"type":"bool"}},{"type":"custom","source":"10","sourceHandle":null,"target":"18","targetHandle":"i0","id":"edge-10-18i0","data":{"type":"bool"}},{"type":"custom","source":"10","sourceHandle":null,"target":"18","targetHandle":"i1","id":"edge-10-18i1","data":{"type":"bool"}},{"type":"custom","source":"input","sourceHandle":"o0","target":"11","targetHandle":"i0","id":"edge-inputo0-11i0","data":{"type":"int!"}},{"type":"custom","source":"input","sourceHandle":"o1","target":"12","targetHandle":"i0","id":"edge-inputo1-12i0","data":{"type":"string!"}},{"type":"custom","source":"input","sourceHandle":"o2","target":"13","targetHandle":"i0","id":"edge-inputo2-13i0","data":{"type":"string!"}},{"type":"custom","source":"input","sourceHandle":"o3","target":"14","targetHandle":"i0","id":"edge-inputo3-14i0","data":{"type":"string!"}},{"type":"custom","source":"input","sourceHandle":"o4","target":"15","targetHandle":"i0","id":"edge-inputo4-15i0","data":{"type":"string!"}},{"type":"custom","source":"input","sourceHandle":"o5","target":"16","targetHandle":"i0","id":"edge-inputo5-16i0","data":{"type":"string!"}},{"type":"custom","source":"13","sourceHandle":null,"target":"output","targetHandle":"i3","id":"edge-13-outputi3","data":{"type":"string?"}},{"type":"custom","source":"14","sourceHandle":null,"target":"output","targetHandle":"i4","id":"edge-14-outputi4","data":{"type":"string?"}},{"type":"custom","source":"15","sourceHandle":null,"target":"output","targetHandle":"i5","id":"edge-15-outputi5","data":{"type":"string?"}},{"type":"custom","source":"16","sourceHandle":null,"target":"output","targetHandle":"i6","id":"edge-16-outputi6","data":{"type":"string?"}},{"type":"custom","source":"input","sourceHandle":"o3","target":"1","targetHandle":"i0","id":"edge-inputo3-1i0","data":{"type":"string!"}},{"type":"custom","source":"input","sourceHandle":"o6","target":"4","targetHandle":"i0","id":"edge-inputo6-4i0","data":{"type":"string!"}},{"type":"custom","source":"input","sourceHandle":"o5","target":"6","targetHandle":"i0","id":"edge-inputo5-6i0","data":{"type":"string!"}},{"type":"custom","source":"input","sourceHandle":"o6","target":"17","targetHandle":"i0","id":"edge-inputo6-17i0","data":{"type":"string!"}},{"type":"custom","source":"17","sourceHandle":null,"target":"output","targetHandle":"i7","id":"edge-17-outputi7","data":{"type":"string?"}},{"type":"custom","source":"11","sourceHandle":null,"target":"output","targetHandle":"i1","id":"edge-11-outputi1","data":{"type":"int?"}},{"type":"custom","source":"18","sourceHandle":null,"target":"output","targetHandle":"i0","id":"edge-18-outputi0","data":{"type":"bool?"}},{"type":"custom","source":"12","sourceHandle":null,"target":"output","targetHandle":"i2","id":"edge-12-outputi2","data":{"type":"string?"}},{"type":"custom","source":"input","sourceHandle":"o7","target":"19","targetHandle":"i0","id":"edge-inputo7-19i0","data":{"type":"int!"}},{"type":"custom","source":"19","sourceHandle":null,"target":"output","targetHandle":"i8","id":"edge-19-outputi8","data":{"type":"int?"}}]}]}