{"functions":[{"name":"main","nodes":[{"id":"input","type":"split","position":{"x":200,"y":-40},"data":{"name":"split_csv","output":["int!","string!","float!"]},"width":164,"height":57,"selected":false,"dragging":false,"positionAbsolute":{"x":193,"y":-37}},{"id":"output","type":"assemble","position":{"x":500,"y":1120},"data":{"name":"assemble_csv","input":["int","int","float"],"output":[null]},"width":104,"height":52,"selected":true,"positionAbsolute":{"x":488.2462361518644,"y":1122.5954775338782},"dragging":false},{"id":"0","type":"null/errorHandling","position":{"x":50,"y":180},"data":{"name":"errorToNull","input":["int!"],"output":["int?"]},"width":100,"height":80,"selected":false,"positionAbsolute":{"x":65.24186586312493,"y":189.05655420399796},"dragging":false},{"id":"1","type":"calculation","position":{"x":150,"y":340},"data":{"name":"avgNull","input":["int?"],"output":["float!"]},"width":100,"height":80,"selected":false,"positionAbsolute":{"x":153,"y":339},"dragging":false},{"id":"2","type":"null/errorHandling","position":{"x":150,"y":520},"data":{"name":"errorToValue","input":["float!","float"],"output":["float"]},"width":100,"height":80,"selected":false,"positionAbsolute":{"x":170.4019214125198,"y":521.1648590806944},"dragging":false},{"id":"4","type":"constant","position":{"x":250,"y":400},"data":{"name":"float","value":0,"output":["float"]},"width":100,"height":78,"selected":false,"positionAbsolute":{"x":271.52587533634926,"y":407.7111869954761},"dragging":false},{"id":"7","type":"null/errorHandling","position":{"x":300,"y":240},"data":{"name":"errorToValue","input":["string!","string"],"output":["string"]},"width":100,"height":80,"selected":false,"positionAbsolute":{"x":310,"y":243},"dragging":false},{"id":"8","type":"stringOperation","position":{"x":400,"y":340},"data":{"name":"label","input":["string"],"output":["int"]},"width":100,"height":80,"selected":false,"positionAbsolute":{"x":400,"y":346},"dragging":false},{"id":"9","type":"constant","position":{"x":350,"y":140},"data":{"name":"string","value":"A","output":["string"]},"width":100,"height":78,"selected":false,"dragging":false,"positionAbsolute":{"x":359,"y":135}},{"id":"10","type":"null/errorHandling","position":{"x":550,"y":160},"data":{"name":"errorToValue","input":["float!","float"],"output":["float"]},"width":100,"height":80,"selected":false,"positionAbsolute":{"x":530,"y":158},"dragging":false},{"id":"11","type":"constant","position":{"x":600,"y":40},"data":{"name":"float","value":0,"output":["float"]},"width":100,"height":78,"selected":false,"positionAbsolute":{"x":601,"y":31},"dragging":false},{"id":"12","type":"bitOperation","position":{"x":650,"y":300},"data":{"name":"pow","input":["float","float"],"output":["float!"]},"width":100,"height":80,"selected":false,"positionAbsolute":{"x":628,"y":295},"dragging":false},{"id":"13","type":"constant","position":{"x":700,"y":160},"data":{"name":"float","value":0.5,"output":["float"]},"width":100,"height":78,"selected":false,"dragging":false,"positionAbsolute":{"x":697,"y":160}},{"id":"14","type":"null/errorHandling","position":{"x":750,"y":440},"data":{"name":"panic","input":["float!"],"output":["float"]},"width":100,"height":80,"selected":false,"positionAbsolute":{"x":749,"y":431},"dragging":false},{"id":"15","type":"null/errorHandling","position":{"x":-100,"y":780},"data":{"name":"nullToValue","input":["int?","int"],"output":["int"]},"width":100,"height":80,"selected":false,"positionAbsolute":{"x":-85.72487356366904,"y":789.0841713685743},"dragging":false},{"id":"16","type":"typeConversion","position":{"x":50,"y":660},"data":{"name":"toInt","input":["float"],"output":["int"]},"width":100,"height":80,"selected":false,"positionAbsolute":{"x":53.96733124650052,"y":663.4334127505882},"dragging":false},{"id":"17","type":"custom","position":{"x":100,"y":920},"data":{"name":"clamp","input":["int","int","int"],"output":["int"]},"width":100,"height":80,"selected":false,"positionAbsolute":{"x":94.27134796729808,"y":916.7964890245264},"dragging":false},{"id":"18","type":"constant","position":{"x":200,"y":660},"data":{"name":"int","value":2,"output":["int"]},"width":100,"height":78,"selected":false,"positionAbsolute":{"x":215.7210950946361,"y":658.7022612330608},"dragging":false},{"id":"19","type":"constant","position":{"x":350,"y":660},"data":{"name":"int","value":4,"output":["int"]},"width":100,"height":78,"selected":false,"positionAbsolute":{"x":350.07411494568294,"y":651.0716154608574},"dragging":false}],"edges":[{"type":"custom","source":"input","sourceHandle":"o0","target":"0","targetHandle":"i0","id":"edge-inputo0-0i0","data":{"type":"int!"}},{"type":"custom","source":"0","sourceHandle":null,"target":"1","targetHandle":"i0","id":"edge-0-1i0","data":{"type":"int?"}},{"type":"custom","source":"1","sourceHandle":null,"target":"2","targetHandle":"i0","id":"edge-1-2i0","data":{"type":"float!"}},{"type":"custom","source":"4","sourceHandle":null,"target":"2","targetHandle":"i1","id":"edge-4-2i1","data":{"type":"float"}},{"type":"custom","source":"input","sourceHandle":"o1","target":"7","targetHandle":"i0","id":"edge-inputo1-7i0","data":{"type":"string!"}},{"type":"custom","source":"9","sourceHandle":null,"target":"7","targetHandle":"i1","id":"edge-9-7i1","data":{"type":"string"}},{"type":"custom","source":"7","sourceHandle":null,"target":"8","targetHandle":"i0","id":"edge-7-8i0","data":{"type":"string"}},{"type":"custom","source":"input","sourceHandle":"o2","target":"10","targetHandle":"i0","id":"edge-inputo2-10i0","data":{"type":"float!"}},{"type":"custom","source":"11","sourceHandle":null,"target":"10","targetHandle":"i1","id":"edge-11-10i1","data":{"type":"float"}},{"type":"custom","source":"10","sourceHandle":null,"target":"12","targetHandle":"i0","id":"edge-10-12i0","data":{"type":"float"}},{"type":"custom","source":"13","sourceHandle":null,"target":"12","targetHandle":"i1","id":"edge-13-12i1","data":{"type":"float"}},{"type":"custom","source":"12","sourceHandle":null,"target":"14","targetHandle":"i0","id":"edge-12-14i0","data":{"type":"float!"}},{"type":"custom","source":"0","sourceHandle":null,"target":"15","targetHandle":"i0","id":"edge-0-15i0","data":{"type":"int?"}},{"type":"custom","source":"2","sourceHandle":null,"target":"16","targetHandle":"i0","id":"edge-2-16i0","data":{"type":"float"}},{"type":"custom","source":"16","sourceHandle":null,"target":"15","targetHandle":"i1","id":"edge-16-15i1","data":{"type":"int"}},{"type":"custom","source":"15","sourceHandle":null,"target":"17","targetHandle":"i0","id":"edge-15-17i0","data":{"type":"int"}},{"type":"custom","source":"18","sourceHandle":null,"target":"17","targetHandle":"i1","id":"edge-18-17i1","data":{"type":"int"}},{"type":"custom","source":"19","sourceHandle":null,"target":"17","targetHandle":"i2","id":"edge-19-17i2","data":{"type":"int"}},{"type":"custom","source":"17","sourceHandle":"o0","target":"output","targetHandle":"i0","id":"edge-17o0-outputi0","data":{"type":"int"}},{"type":"custom","source":"8","sourceHandle":null,"target":"output","targetHandle":"i1","id":"edge-8-outputi1","data":{"type":"int"}},{"type":"custom","source":"14","sourceHandle":null,"target":"output","targetHandle":"i2","id":"edge-14-outputi2","data":{"type":"float"}}]},{"name":"clamp","nodes":[{"id":"input","type":"split","position":{"x":150,"y":120},"data":{"name":"input","output":["int","int","int"]},"width":125,"height":57,"selected":false,"dragging":false,"positionAbsolute":{"x":151.29773876693923,"y":120}},{"id":"output","type":"assemble","position":{"x":200,"y":500},"data":{"name":"output","input":["int"],"output":[null]},"width":100,"height":52,"selected":false,"positionAbsolute":{"x":223,"y":505},"dragging":false},{"id":"0","type":"calculation","position":{"x":150,"y":240},"data":{"name":"max","input":["int","int"],"output":["int"]},"width":100,"height":80,"selected":false,"positionAbsolute":{"x":134,"y":240},"dragging":false},{"id":"1","type":"calculation","position":{"x":200,"y":360},"data":{"name":"min","input":["int","int"],"output":["int"]},"width":100,"height":80,"selected":false,"positionAbsolute":{"x":200,"y":364},"dragging":false}],"edges":[{"type":"custom","source":"input","sourceHandle":"o0","target":"0","targetHandle":"i0","id":"edge-inputo0-0i0","data":{"type":"int"}},{"type":"custom","source":"input","sourceHandle":"o1","target":"0","targetHandle":"i1","id":"edge-inputo1-0i1","data":{"type":"int"}},{"type":"custom","source":"0","sourceHandle":null,"target":"1","targetHandle":"i0","id":"edge-0-1i0","data":{"type":"int"}},{"type":"custom","source":"input","sourceHandle":"o2","target":"1","targetHandle":"i1","id":"edge-inputo2-1i1","data":{"type":"int"}},{"type":"custom","source":"1","sourceHandle":null,"target":"output","targetHandle":"i0","id":"edge-1-outputi0","data":{"type":"int"}}]}]}