{"functions":[{"name":"main","nodes":[{"id":"input","type":"split","position":{"x":400,"y":-440},"data":{"name":"split_csv","output":["string!","string!","string!","float!"]},"width":235,"height":57,"selected":false,"dragging":false,"positionAbsolute":{"x":379,"y":-448.0000000000006}},{"id":"output","type":"assemble","position":{"x":400,"y":440},"data":{"name":"assemble_csv","input":["string","string?","string?","float"],"output":[null]},"width":182,"height":52,"selected":false,"positionAbsolute":{"x":410.32973753852,"y":440},"dragging":false},{"id":"0","type":"null/errorHandling","position":{"x":150,"y":-140},"data":{"name":"panic","input":["string!"],"output":["string"]},"width":100,"height":80,"selected":false,"positionAbsolute":{"x":138,"y":-146},"dragging":false},{"id":"1","type":"null/errorHandling","position":{"x":300,"y":-140},"data":{"name":"panic","input":["string!"],"output":["string"]},"width":100,"height":80,"selected":false,"positionAbsolute":{"x":280,"y":-134},"dragging":false},{"id":"2","type":"null/errorHandling","position":{"x":500,"y":-140},"data":{"name":"panic","input":["string!"],"output":["string"]},"width":100,"height":80,"selected":false,"positionAbsolute":{"x":524.4038274892889,"y":-146.6899902944303},"dragging":false},{"id":"3","type":"null/errorHandling","position":{"x":800,"y":0},"data":{"name":"errorToValue","input":["float!","float"],"output":["float"]},"width":100,"height":80,"selected":true,"positionAbsolute":{"x":809.9014727622973,"y":9.691560112424781},"dragging":false},{"id":"4","type":"constant","position":{"x":800,"y":-420},"data":{"name":"float","value":-1,"output":["float"]},"width":100,"height":78,"selected":false,"positionAbsolute":{"x":791,"y":-423},"dragging":false},{"id":"5","type":"custom","position":{"x":400,"y":0},"data":{"name":"isForM","input":["string"],"output":["bool"]},"width":100,"height":80,"selected":false,"positionAbsolute":{"x":405,"y":-1},"dragging":false},{"id":"6","type":"custom","position":{"x":600,"y":-20},"data":{"name":"isPhoneNumber","input":["string"],"output":["bool"]},"width":121,"height":80,"selected":false,"positionAbsolute":{"x":603.7583913597265,"y":-18.976153099571558},"dragging":false},{"id":"7","type":"branch","position":{"x":400,"y":120},"data":{"name":"falseToNull","input":["bool","string"],"output":["string?"]},"width":126,"height":80,"selected":false,"positionAbsolute":{"x":387,"y":118},"dragging":false},{"id":"8","type":"branch","position":{"x":600,"y":120},"data":{"name":"falseToNull","input":["bool","string"],"output":["string?"],"locRight":false},"width":126,"height":80,"selected":false,"positionAbsolute":{"x":592.6645735760073,"y":120},"dragging":false}],"edges":[{"type":"custom","source":"4","sourceHandle":null,"target":"3","targetHandle":"i1","id":"edge-4-3i1","data":{"type":"float"}},{"type":"custom","source":"input","sourceHandle":"o3","target":"3","targetHandle":"i0","id":"edge-inputo3-3i0","data":{"type":"float!"}},{"type":"custom","source":"input","sourceHandle":"o2","target":"2","targetHandle":"i0","id":"edge-inputo2-2i0","data":{"type":"string!"}},{"type":"custom","source":"input","sourceHandle":"o1","target":"1","targetHandle":"i0","id":"edge-inputo1-1i0","data":{"type":"string!"}},{"type":"custom","source":"input","sourceHandle":"o0","target":"0","targetHandle":"i0","id":"edge-inputo0-0i0","data":{"type":"string!"}},{"type":"custom","source":"0","sourceHandle":null,"target":"output","targetHandle":"i0","id":"edge-0-outputi0","data":{"type":"string"}},{"type":"custom","source":"1","sourceHandle":null,"target":"5","targetHandle":"i0","id":"edge-1-5i0","data":{"type":"string"}},{"type":"custom","source":"2","sourceHandle":null,"target":"6","targetHandle":"i0","id":"edge-2-6i0","data":{"type":"string"}},{"type":"custom","source":"3","sourceHandle":null,"target":"output","targetHandle":"i3","id":"edge-3-outputi3","data":{"type":"float"}},{"type":"custom","source":"5","sourceHandle":"o0","target":"7","targetHandle":"i0","id":"edge-5o0-7i0","data":{"type":"bool"}},{"type":"custom","source":"1","sourceHandle":null,"target":"7","targetHandle":"i1","id":"edge-1-7i1","data":{"type":"string"}},{"type":"custom","source":"6","sourceHandle":"o0","target":"8","targetHandle":"i0","id":"edge-6o0-8i0","data":{"type":"bool"}},{"type":"custom","source":"2","sourceHandle":null,"target":"8","targetHandle":"i1","id":"edge-2-8i1","data":{"type":"string"}},{"type":"custom","source":"8","sourceHandle":null,"target":"output","targetHandle":"i2","id":"edge-8-outputi2","data":{"type":"string?"}},{"type":"custom","source":"7","sourceHandle":null,"target":"output","targetHandle":"i1","id":"edge-7-outputi1","data":{"type":"string?"}}]},{"name":"isForM","nodes":[{"id":"input","type":"split","position":{"x":100,"y":-60},"data":{"name":"input","output":["string"]},"width":100,"height":57,"selected":false,"dragging":false,"positionAbsolute":{"x":100,"y":-61.04971668362306}},{"id":"output","type":"assemble","position":{"x":150,"y":420},"data":{"name":"output","input":["bool"]},"width":100,"height":52,"selected":true,"positionAbsolute":{"x":150,"y":423.9773346898452},"dragging":false},{"id":"0","type":"compare","position":{"x":100,"y":80},"data":{"name":"equal","input":["string","string"],"output":["bool"]},"width":100,"height":80,"selected":false,"positionAbsolute":{"x":85.0849949130806,"y":71.93456459798612},"dragging":false},{"id":"1","type":"constant","position":{"x":250,"y":-80},"data":{"name":"string","value":"F","output":["string"]},"width":100,"height":78,"selected":false,"positionAbsolute":{"x":227.35057731381215,"y":-71.71047202488839},"dragging":false},{"id":"2","type":"compare","position":{"x":250,"y":80},"data":{"name":"equal","input":["string","string"],"output":["bool"]},"width":100,"height":80,"selected":false,"positionAbsolute":{"x":247.01827924684147,"y":81.60354679524082},"dragging":false},{"id":"3","type":"constant","position":{"x":400,"y":-80},"data":{"name":"string","value":"M","output":["string"]},"width":100,"height":78,"selected":false,"positionAbsolute":{"x":384.42167904336463,"y":-82.59531993925145},"dragging":false},{"id":"4","type":"bitOperation","position":{"x":150,"y":240},"data":{"name":"or","input":["bool","bool"],"output":["bool"]},"width":100,"height":80,"selected":false,"positionAbsolute":{"x":158.5651627666951,"y":237.293914038425},"dragging":false}],"edges":[{"type":"custom","source":"input","sourceHandle":"o0","target":"0","targetHandle":"i0","id":"edge-inputo0-0i0","data":{"type":"string"}},{"type":"custom","source":"1","sourceHandle":null,"target":"0","targetHandle":"i1","id":"edge-1-0i1","data":{"type":"string"}},{"type":"custom","source":"input","sourceHandle":"o0","target":"2","targetHandle":"i0","id":"edge-inputo0-2i0","data":{"type":"string"}},{"type":"custom","source":"3","sourceHandle":null,"target":"2","targetHandle":"i1","id":"edge-3-2i1","data":{"type":"string"}},{"type":"custom","source":"0","sourceHandle":null,"target":"4","targetHandle":"i0","id":"edge-0-4i0","data":{"type":"bool"}},{"type":"custom","source":"2","sourceHandle":null,"target":"4","targetHandle":"i1","id":"edge-2-4i1","data":{"type":"bool"}},{"type":"custom","source":"4","sourceHandle":null,"target":"output","targetHandle":"i0","id":"edge-4-outputi0","data":{"type":"bool"}}]},{"name":"isPhoneNumber","nodes":[{"id":"input","type":"split","position":{"x":150,"y":-60},"data":{"name":"input","output":["string"]},"width":100,"height":57,"selected":true,"dragging":false,"positionAbsolute":{"x":129.00566632753868,"y":-55.41345218737532}},{"id":"output","type":"assemble","position":{"x":150,"y":200},"data":{"name":"output","input":["bool"]},"width":100,"height":52,"selected":false,"positionAbsolute":{"x":280,"y":689},"dragging":false},{"id":"0","type":"stringOperation","position":{"x":150,"y":80},"data":{"name":"regexTest","input":["string","string"],"output":["bool"]},"width":100,"height":80,"selected":false,"positionAbsolute":{"x":149.3946276698964,"y":86.68598117987081},"dragging":false},{"id":"1","type":"constant","position":{"x":300,"y":-60},"data":{"name":"string","value":"0\\d{1,2}-\\d{3,4}-\\d{4}","output":["string"]},"width":240,"height":78,"selected":false,"positionAbsolute":{"x":282.98556154583457,"y":-63.47888758938919},"dragging":false}],"edges":[{"type":"custom","source":"input","sourceHandle":"o0","target":"0","targetHandle":"i0","id":"edge-inputo0-0i0","data":{"type":"string"}},{"type":"custom","source":"1","sourceHandle":null,"target":"0","targetHandle":"i1","id":"edge-1-0i1","data":{"type":"string"}},{"type":"custom","source":"0","sourceHandle":null,"target":"output","targetHandle":"i0","id":"edge-0-outputi0","data":{"type":"bool"}}]}]}